emp_id,month,absent_days,absence_type
1,2024-07-01,1,Maladie
1,2024-11-01,1,Maladie
1,2024-12-01,1,Maladie
2,2024-01-01,1,Maladie
2,2024-05-01,1,Maladie
2,2024-07-01,1,Congé
2,2024-09-01,2,Congé
2,2024-12-01,1,Maladie
2,2025-01-01,1,Congé
2,2025-04-01,1,Congé
2,2025-05-01,3,Maladie
3,2023-10-01,1,Congé
3,2023-11-01,1,Maladie
3,2024-03-01,1,Maladie
3,2024-05-01,1,Maladie
3,2024-09-01,3,Maladie
3,2024-12-01,1,Congé
3,2025-01-01,1,Congé
3,2025-08-01,1,Maladie
4,2025-05-01,2,Maladie
4,2025-07-01,1,Congé
5,2023-12-01,3,Maladie
5,2024-02-01,1,Congé
5,2024-04-01,1,Congé
5,2024-05-01,1,Congé
5,2024-07-01,1,Congé
5,2024-11-01,1,Maladie
5,2024-12-01,1,Maladie
5,2025-01-01,2,Congé
5,2025-02-01,1,Autre
6,2023-11-01,1,Autre
6,2023-12-01,1,Maladie
6,2024-06-01,1,Maladie
6,2024-07-01,2,Maladie
6,2024-08-01,1,Congé
6,2024-10-01,2,Congé
7,2024-11-01,1,Congé
7,2025-01-01,1,Congé
7,2025-08-01,1,Congé
8,2023-09-01,3,Congé
8,2024-06-01,1,Congé
8,2024-07-01,2,Maladie
8,2024-10-01,2,Congé
8,2025-01-01,1,Maladie
8,2025-04-01,1,Congé
8,2025-06-01,1,Congé
8,2025-07-01,1,Congé
9,2024-09-01,1,Maladie
9,2025-02-01,1,Congé
9,2025-04-01,1,Maladie
9,2025-06-01,1,Congé
9,2025-07-01,1,Autre
9,2025-08-01,3,Maladie
10,2024-06-01,1,Maladie
10,2024-11-01,1,Maladie
10,2025-05-01,3,Maladie
11,2023-09-01,1,Congé
11,2024-04-01,2,Maladie
11,2024-07-01,2,Maladie
11,2024-12-01,1,Maladie
11,2025-01-01,3,Maladie
11,2025-04-01,2,Congé
12,2024-11-01,1,Maladie
12,2024-12-01,2,Maladie
12,2025-02-01,2,Maladie
12,2025-03-01,1,Congé
13,2023-10-01,1,Maladie
13,2023-11-01,3,Congé
13,2024-03-01,1,Maladie
13,2024-04-01,1,Congé
13,2024-06-01,2,Congé
13,2024-12-01,1,Maladie
13,2025-03-01,2,Congé
14,2023-10-01,1,Congé
14,2023-11-01,1,Maladie
14,2024-03-01,2,Maladie
14,2024-05-01,1,Congé
14,2024-07-01,2,Maladie
14,2024-08-01,4,Congé
14,2025-01-01,1,Maladie
14,2025-04-01,2,Maladie
14,2025-07-01,1,Maladie
15,2023-11-01,1,Congé
15,2023-12-01,1,Congé
15,2024-01-01,1,Congé
15,2024-02-01,1,Congé
15,2024-07-01,2,Maladie
15,2024-11-01,2,Maladie
15,2025-03-01,1,Maladie
15,2025-04-01,1,Maladie
15,2025-05-01,1,Maladie
15,2025-07-01,3,Maladie
16,2024-03-01,2,Congé
16,2024-07-01,2,Maladie
16,2024-11-01,3,Maladie
16,2025-03-01,1,Maladie
16,2025-07-01,3,Maladie
17,2024-07-01,1,Maladie
17,2024-09-01,1,Maladie
17,2024-12-01,1,Congé
17,2025-02-01,1,Congé
17,2025-05-01,4,Maladie
17,2025-06-01,2,Maladie
18,2025-05-01,5,Maladie
18,2025-06-01,2,Congé
18,2025-08-01,1,Maladie
19,2023-09-01,3,Autre
19,2023-11-01,1,Maladie
19,2024-04-01,4,Congé
19,2024-05-01,1,Maladie
19,2024-11-01,1,Maladie
19,2024-12-01,5,Maladie
19,2025-02-01,2,Congé
19,2025-06-01,1,Congé
20,2025-07-01,2,Maladie
21,2023-09-01,2,Congé
21,2023-11-01,1,Maladie
21,2023-12-01,2,Autre
21,2024-01-01,2,Congé
21,2024-03-01,2,Congé
21,2024-06-01,1,Congé
21,2024-08-01,1,Congé
21,2024-09-01,3,Congé
21,2024-10-01,1,Congé
21,2024-12-01,1,Maladie
21,2025-03-01,1,Congé
21,2025-06-01,1,Maladie
22,2025-05-01,2,Maladie
22,2025-07-01,2,Maladie
23,2023-09-01,2,Autre
23,2023-10-01,2,Maladie
23,2024-01-01,2,Maladie
23,2024-02-01,1,Maladie
23,2024-03-01,1,Maladie
23,2024-12-01,1,Maladie
23,2025-05-01,1,Maladie
23,2025-07-01,1,Congé
23,2025-08-01,1,Maladie
24,2025-07-01,1,Maladie
24,2025-08-01,1,Maladie
25,2025-05-01,2,Maladie
25,2025-07-01,1,Maladie
26,2024-10-01,1,Maladie
26,2025-04-01,1,Maladie
27,2024-05-01,1,Congé
27,2024-07-01,1,Maladie
27,2024-11-01,1,Congé
27,2024-12-01,1,Congé
27,2025-01-01,1,Maladie
28,2023-10-01,1,Maladie
28,2023-11-01,1,Maladie
28,2023-12-01,1,Congé
28,2024-04-01,2,Congé
28,2024-07-01,2,Maladie
28,2025-02-01,1,Congé
28,2025-04-01,2,Maladie
28,2025-07-01,1,Congé
29,2025-02-01,1,Maladie
29,2025-04-01,1,Maladie
30,2025-05-01,2,Congé
31,2024-02-01,1,Congé
31,2024-03-01,3,Maladie
31,2024-05-01,1,Congé
31,2024-08-01,1,Congé
31,2024-09-01,1,Congé
31,2024-10-01,1,Maladie
31,2024-12-01,1,Maladie
31,2025-02-01,1,Maladie
31,2025-03-01,1,Maladie
31,2025-06-01,3,Autre
31,2025-08-01,1,Congé
34,2025-07-01,2,Maladie
34,2025-08-01,1,Congé
35,2023-10-01,1,Congé
35,2023-12-01,1,Congé
35,2024-04-01,1,Congé
35,2024-06-01,2,Congé
35,2024-08-01,1,Maladie
35,2024-09-01,1,Congé
35,2024-11-01,1,Maladie
35,2025-03-01,1,Congé
35,2025-04-01,1,Congé
35,2025-05-01,1,Congé
35,2025-08-01,1,Maladie
36,2024-06-01,1,Congé
36,2024-07-01,1,Congé
36,2024-11-01,1,Maladie
36,2024-12-01,3,Autre
36,2025-03-01,1,Maladie
36,2025-05-01,1,Maladie
36,2025-08-01,3,Maladie
37,2025-08-01,1,Congé
38,2025-05-01,1,Congé
40,2023-09-01,1,Autre
40,2025-03-01,1,Congé
40,2025-05-01,1,Congé
40,2025-06-01,1,Congé
41,2024-01-01,1,Maladie
41,2024-06-01,1,Maladie
41,2024-07-01,1,Maladie
41,2024-08-01,1,Maladie
41,2024-12-01,1,Congé
41,2025-03-01,2,Maladie
41,2025-04-01,1,Congé
42,2025-07-01,3,Autre
43,2025-06-01,1,Congé
43,2025-07-01,3,Autre
44,2025-02-01,2,Autre
45,2023-10-01,1,Maladie
45,2023-11-01,3,Maladie
45,2024-02-01,1,Congé
45,2024-06-01,1,Maladie
45,2024-11-01,1,Maladie
45,2025-04-01,2,Autre
45,2025-05-01,2,Congé
46,2023-10-01,2,Congé
46,2024-02-01,1,Congé
46,2024-05-01,2,Congé
46,2024-07-01,2,Maladie
46,2025-01-01,2,Maladie
46,2025-03-01,2,Maladie
46,2025-05-01,1,Maladie
46,2025-06-01,2,Maladie
47,2024-07-01,2,Maladie
47,2024-08-01,1,Maladie
47,2024-12-01,1,Maladie
47,2025-02-01,3,Maladie
47,2025-06-01,1,Maladie
47,2025-08-01,1,Congé
48,2023-11-01,2,Maladie
48,2024-07-01,1,Maladie
48,2024-08-01,3,Maladie
48,2024-10-01,1,Maladie
48,2025-04-01,1,Maladie
48,2025-05-01,2,Maladie
48,2025-08-01,2,Congé
49,2024-12-01,1,Maladie
49,2025-01-01,1,Congé
49,2025-02-01,4,Congé
49,2025-04-01,1,Congé
51,2025-07-01,2,Congé
51,2025-08-01,3,Congé
52,2024-03-01,1,Congé
52,2024-04-01,2,Maladie
52,2024-05-01,3,Congé
52,2024-06-01,1,Maladie
52,2024-07-01,1,Maladie
52,2024-08-01,1,Congé
52,2024-12-01,1,Congé
52,2025-02-01,2,Congé
52,2025-04-01,1,Congé
52,2025-08-01,1,Congé
53,2023-10-01,1,Congé
53,2023-11-01,1,Maladie
53,2024-01-01,1,Autre
53,2024-03-01,2,Congé
53,2024-04-01,1,Congé
53,2024-05-01,1,Autre
53,2024-07-01,1,Maladie
53,2024-12-01,1,Congé
53,2025-02-01,2,Autre
53,2025-06-01,1,Congé
54,2024-03-01,1,Congé
54,2024-05-01,1,Congé
54,2024-07-01,1,Congé
54,2024-08-01,1,Maladie
54,2024-09-01,1,Congé
54,2024-12-01,1,Congé
55,2024-06-01,2,Congé
55,2024-07-01,1,Maladie
55,2024-08-01,1,Maladie
55,2025-01-01,1,Congé
55,2025-04-01,3,Congé
55,2025-06-01,1,Congé
56,2023-09-01,1,Maladie
56,2023-10-01,1,Maladie
56,2024-01-01,2,Maladie
56,2024-03-01,1,Congé
56,2024-06-01,1,Maladie
56,2024-10-01,1,Maladie
56,2025-03-01,1,Maladie
56,2025-08-01,1,Congé
57,2024-02-01,1,Maladie
57,2024-03-01,1,Maladie
57,2024-04-01,1,Maladie
57,2024-05-01,3,Congé
57,2024-12-01,1,Maladie
58,2023-10-01,1,Congé
58,2024-01-01,1,Maladie
58,2024-02-01,1,Congé
58,2024-06-01,1,Maladie
58,2024-10-01,1,Autre
58,2024-11-01,1,Congé
58,2024-12-01,1,Congé
58,2025-02-01,2,Congé
58,2025-04-01,1,Congé
58,2025-07-01,1,Maladie
58,2025-08-01,1,Maladie
59,2024-06-01,1,Autre
59,2024-11-01,1,Maladie
59,2025-01-01,1,Congé
59,2025-06-01,2,Congé
59,2025-07-01,4,Maladie
59,2025-08-01,1,Congé
60,2023-11-01,1,Maladie
60,2024-03-01,2,Autre
60,2024-05-01,1,Congé
60,2024-06-01,3,Congé
60,2024-08-01,1,Maladie
60,2024-11-01,1,Maladie
60,2025-02-01,1,Maladie
60,2025-04-01,1,Maladie
60,2025-05-01,2,Congé
61,2025-04-01,1,Maladie
61,2025-08-01,1,Congé
62,2024-07-01,1,Maladie
62,2024-08-01,3,Congé
62,2025-02-01,1,Maladie
62,2025-06-01,2,Maladie
62,2025-08-01,1,Maladie
63,2023-10-01,1,Congé
63,2024-03-01,1,Maladie
63,2024-04-01,1,Maladie
63,2024-05-01,1,Maladie
63,2025-01-01,1,Maladie
63,2025-02-01,1,Maladie
63,2025-08-01,1,Maladie
64,2025-01-01,3,Congé
64,2025-03-01,1,Maladie
64,2025-04-01,1,Maladie
65,2023-11-01,1,Congé
65,2024-05-01,1,Maladie
65,2024-08-01,1,Congé
65,2024-09-01,1,Maladie
65,2024-11-01,1,Congé
65,2024-12-01,2,Congé
65,2025-01-01,1,Congé
66,2025-07-01,3,Autre
66,2025-08-01,1,Congé
67,2024-01-01,1,Congé
67,2024-03-01,1,Maladie
67,2024-06-01,2,Maladie
67,2024-07-01,3,Maladie
67,2024-10-01,3,Congé
67,2025-01-01,1,Congé
68,2023-12-01,2,Autre
68,2024-09-01,2,Maladie
68,2024-11-01,2,Congé
68,2025-03-01,1,Congé
68,2025-05-01,5,Congé
68,2025-06-01,1,Maladie
69,2023-12-01,1,Congé
69,2024-02-01,1,Maladie
69,2024-03-01,1,Congé
69,2024-05-01,1,Congé
69,2024-09-01,1,Maladie
69,2024-10-01,1,Maladie
69,2025-02-01,1,Maladie
69,2025-03-01,1,Congé
69,2025-06-01,3,Maladie
69,2025-08-01,1,Maladie
70,2025-07-01,1,Maladie
71,2023-12-01,5,Congé
71,2024-02-01,2,Maladie
71,2024-03-01,4,Congé
71,2024-07-01,2,Congé
71,2024-08-01,1,Maladie
71,2025-01-01,1,Congé
71,2025-02-01,1,Congé
71,2025-04-01,1,Congé
71,2025-05-01,1,Congé
71,2025-07-01,1,Congé
71,2025-08-01,2,Maladie
72,2023-12-01,1,Maladie
72,2024-01-01,2,Congé
72,2024-02-01,3,Congé
72,2024-03-01,1,Maladie
72,2024-04-01,1,Maladie
72,2024-08-01,3,Maladie
72,2024-10-01,1,Congé
72,2024-11-01,1,Maladie
72,2025-03-01,1,Congé
73,2023-09-01,1,Maladie
73,2023-10-01,1,Congé
73,2023-12-01,1,Maladie
73,2024-05-01,4,Maladie
73,2024-07-01,1,Maladie
73,2024-09-01,1,Congé
73,2024-10-01,1,Congé
73,2024-12-01,1,Maladie
73,2025-01-01,2,Maladie
73,2025-03-01,1,Congé
73,2025-05-01,1,Maladie
74,2025-04-01,1,Congé
74,2025-05-01,5,Maladie
74,2025-07-01,1,Autre
75,2023-11-01,1,Congé
75,2023-12-01,1,Maladie
75,2024-04-01,2,Congé
75,2024-05-01,1,Congé
75,2024-06-01,1,Maladie
75,2024-09-01,2,Autre
75,2024-10-01,2,Congé
75,2025-01-01,2,Maladie
75,2025-03-01,5,Congé
75,2025-05-01,3,Congé
75,2025-06-01,1,Maladie
75,2025-08-01,2,Maladie
77,2023-11-01,1,Maladie
77,2024-02-01,1,Congé
77,2024-04-01,1,Maladie
77,2024-11-01,3,Congé
77,2024-12-01,1,Congé
77,2025-03-01,3,Maladie
77,2025-07-01,2,Maladie
78,2024-04-01,1,Maladie
78,2024-05-01,3,Maladie
78,2025-04-01,2,Congé
78,2025-05-01,2,Maladie
79,2024-04-01,1,Maladie
79,2024-05-01,1,Congé
79,2024-06-01,1,Congé
79,2024-07-01,1,Maladie
79,2024-09-01,4,Maladie
79,2025-03-01,1,Congé
79,2025-04-01,1,Congé
79,2025-06-01,1,Congé
79,2025-07-01,2,Congé
80,2023-10-01,1,Maladie
80,2023-12-01,2,Autre
80,2024-04-01,1,Maladie
80,2024-06-01,2,Maladie
80,2024-08-01,1,Maladie
80,2024-12-01,2,Congé
80,2025-02-01,1,Autre
80,2025-03-01,2,Congé
80,2025-05-01,1,Congé
80,2025-07-01,1,Congé
80,2025-08-01,3,Congé
81,2024-04-01,1,Maladie
81,2024-05-01,1,Congé
81,2024-11-01,1,Maladie
81,2025-03-01,3,Autre
81,2025-05-01,5,Maladie
82,2023-09-01,1,Congé
82,2023-10-01,1,Maladie
82,2023-11-01,3,Congé
82,2023-12-01,1,Congé
82,2024-01-01,1,Congé
82,2024-05-01,1,Maladie
82,2024-06-01,1,Maladie
82,2025-05-01,1,Maladie
82,2025-06-01,1,Congé
83,2024-07-01,1,Congé
83,2024-12-01,1,Maladie
83,2025-01-01,1,Congé
83,2025-02-01,1,Maladie
83,2025-03-01,1,Congé
83,2025-05-01,3,Maladie
83,2025-08-01,1,Maladie
84,2024-08-01,1,Maladie
84,2024-11-01,1,Congé
84,2025-02-01,2,Maladie
84,2025-08-01,1,Congé
86,2024-10-01,1,Maladie
86,2024-11-01,1,Congé
86,2025-04-01,1,Maladie
86,2025-08-01,1,Maladie
87,2023-09-01,1,Maladie
87,2023-10-01,3,Maladie
87,2024-04-01,1,Maladie
87,2024-05-01,1,Congé
87,2024-09-01,2,Maladie
87,2024-11-01,1,Maladie
87,2025-07-01,3,Maladie
88,2023-09-01,1,Maladie
88,2023-10-01,1,Maladie
88,2023-11-01,3,Congé
88,2023-12-01,2,Maladie
88,2024-03-01,1,Autre
88,2024-10-01,1,Maladie
88,2025-05-01,1,Maladie
89,2024-02-01,1,Maladie
89,2024-03-01,1,Congé
89,2024-06-01,2,Maladie
89,2024-10-01,2,Congé
89,2025-01-01,2,Congé
89,2025-05-01,3,Maladie
89,2025-07-01,1,Congé
90,2023-09-01,1,Congé
90,2023-10-01,1,Congé
90,2024-02-01,2,Maladie
90,2024-09-01,2,Maladie
90,2024-12-01,2,Congé
90,2025-04-01,2,Congé
90,2025-07-01,3,Maladie
90,2025-08-01,1,Maladie
91,2023-09-01,2,Congé
91,2023-10-01,2,Congé
91,2023-11-01,1,Congé
91,2023-12-01,2,Congé
91,2024-02-01,1,Congé
91,2024-07-01,1,Congé
91,2024-10-01,2,Maladie
91,2025-02-01,2,Maladie
91,2025-08-01,1,Congé
92,2023-11-01,1,Maladie
92,2024-06-01,2,Maladie
92,2024-07-01,1,Maladie
92,2024-08-01,1,Congé
92,2024-09-01,2,Congé
92,2025-01-01,1,Maladie
92,2025-04-01,1,Congé
92,2025-06-01,1,Maladie
93,2024-08-01,2,Congé
93,2024-09-01,2,Congé
93,2025-02-01,1,Congé
93,2025-03-01,1,Maladie
93,2025-04-01,2,Maladie
93,2025-06-01,4,Maladie
94,2024-11-01,1,Maladie
94,2025-04-01,1,Congé
94,2025-05-01,1,Congé
94,2025-06-01,2,Maladie
94,2025-07-01,1,Congé
95,2023-09-01,2,Maladie
95,2023-10-01,1,Maladie
95,2024-05-01,1,Maladie
95,2024-07-01,2,Congé
95,2024-11-01,3,Congé
95,2025-02-01,1,Maladie
95,2025-06-01,1,Autre
96,2023-11-01,1,Congé
96,2024-01-01,1,Maladie
96,2024-02-01,1,Maladie
96,2024-06-01,2,Congé
96,2024-07-01,1,Maladie
96,2024-11-01,1,Maladie
96,2024-12-01,4,Maladie
96,2025-01-01,3,Congé
96,2025-07-01,3,Congé
97,2024-08-01,1,Maladie
97,2024-11-01,1,Maladie
97,2025-07-01,2,Maladie
98,2024-02-01,3,Maladie
98,2024-07-01,3,Maladie
98,2024-12-01,1,Autre
98,2025-01-01,3,Autre
98,2025-04-01,1,Congé
98,2025-05-01,1,Maladie
98,2025-06-01,1,Autre
98,2025-07-01,1,Maladie
99,2025-07-01,1,Congé
100,2023-09-01,1,Congé
100,2023-11-01,1,Maladie
100,2024-03-01,1,Congé
100,2024-09-01,2,Maladie
100,2024-11-01,1,Congé
100,2024-12-01,2,Maladie
100,2025-02-01,1,Maladie
100,2025-03-01,1,Congé
101,2024-01-01,1,Autre
101,2024-04-01,2,Congé
101,2024-06-01,3,Maladie
101,2024-08-01,1,Maladie
101,2024-10-01,1,Congé
101,2025-05-01,2,Maladie
101,2025-07-01,1,Maladie
102,2023-09-01,2,Maladie
102,2023-11-01,1,Congé
102,2023-12-01,1,Maladie
102,2024-01-01,1,Congé
102,2024-08-01,1,Congé
102,2025-04-01,2,Congé
102,2025-08-01,1,Maladie
103,2023-09-01,1,Maladie
103,2024-02-01,1,Congé
103,2024-07-01,2,Maladie
103,2025-02-01,1,Congé
103,2025-04-01,3,Maladie
103,2025-06-01,1,Congé
103,2025-08-01,3,Congé
104,2023-10-01,1,Maladie
104,2024-06-01,1,Maladie
104,2024-10-01,1,Congé
105,2024-01-01,2,Congé
105,2024-02-01,1,Congé
105,2024-06-01,1,Autre
105,2025-04-01,2,Congé
105,2025-07-01,1,Congé
106,2025-05-01,1,Congé
106,2025-06-01,1,Maladie
106,2025-07-01,2,Congé
107,2023-11-01,1,Maladie
107,2024-01-01,1,Maladie
107,2024-02-01,2,Autre
107,2024-04-01,1,Maladie
107,2024-05-01,1,Congé
107,2025-02-01,2,Congé
107,2025-05-01,1,Congé
108,2023-10-01,2,Congé
108,2023-11-01,1,Maladie
108,2024-04-01,1,Congé
108,2024-09-01,2,Maladie
108,2024-10-01,1,Congé
108,2024-11-01,1,Congé
108,2024-12-01,1,Maladie
108,2025-02-01,1,Congé
108,2025-04-01,1,Congé
109,2023-11-01,1,Congé
109,2024-07-01,1,Congé
109,2024-08-01,3,Congé
109,2024-10-01,1,Congé
109,2025-02-01,3,Maladie
109,2025-03-01,2,Maladie
109,2025-05-01,2,Congé
110,2024-01-01,1,Congé
110,2024-03-01,1,Maladie
110,2024-07-01,2,Congé
110,2024-09-01,3,Congé
111,2024-11-01,1,Maladie
111,2025-01-01,4,Maladie
111,2025-02-01,1,Congé
111,2025-05-01,1,Maladie
111,2025-07-01,3,Congé
112,2024-01-01,1,Congé
112,2024-07-01,1,Maladie
112,2024-12-01,2,Congé
112,2025-01-01,1,Congé
112,2025-04-01,2,Congé
113,2024-05-01,3,Congé
113,2024-06-01,1,Maladie
113,2024-08-01,2,Autre
113,2024-10-01,3,Maladie
113,2024-11-01,1,Maladie
113,2024-12-01,1,Congé
113,2025-01-01,1,Maladie
113,2025-03-01,3,Congé
113,2025-08-01,3,Congé
114,2023-10-01,1,Congé
114,2024-03-01,1,Congé
114,2024-05-01,1,Congé
114,2024-07-01,1,Maladie
114,2025-02-01,1,Maladie
114,2025-03-01,1,Congé
114,2025-05-01,3,Maladie
115,2023-09-01,1,Maladie
115,2023-11-01,1,Congé
115,2024-04-01,1,Congé
115,2024-05-01,2,Maladie
115,2024-06-01,1,Autre
115,2024-10-01,2,Congé
115,2024-11-01,1,Congé
115,2025-01-01,2,Congé
115,2025-06-01,1,Congé
115,2025-07-01,1,Congé
115,2025-08-01,1,Maladie
116,2025-01-01,1,Maladie
116,2025-02-01,3,Congé
116,2025-07-01,1,Maladie
116,2025-08-01,1,Maladie
118,2024-02-01,1,Congé
118,2024-03-01,2,Congé
118,2024-06-01,1,Congé
118,2024-08-01,3,Congé
118,2024-11-01,1,Maladie
118,2024-12-01,1,Congé
118,2025-03-01,1,Congé
118,2025-04-01,1,Congé
119,2025-08-01,1,Congé
120,2023-09-01,1,Maladie
120,2024-01-01,1,Maladie
120,2024-04-01,4,Congé
120,2024-06-01,1,Maladie
120,2024-08-01,1,Maladie
120,2024-11-01,1,Congé
120,2025-03-01,1,Congé
120,2025-04-01,1,Maladie
121,2025-05-01,1,Maladie
121,2025-06-01,4,Maladie
121,2025-08-01,1,Congé
122,2024-12-01,1,Congé
122,2025-03-01,1,Maladie
122,2025-07-01,2,Maladie
123,2025-01-01,3,Maladie
123,2025-05-01,1,Congé
123,2025-06-01,1,Maladie
124,2024-06-01,2,Congé
124,2025-03-01,1,Maladie
124,2025-04-01,1,Congé
124,2025-07-01,1,Maladie
125,2025-02-01,1,Congé
125,2025-03-01,1,Maladie
125,2025-04-01,2,Maladie
126,2023-09-01,1,Maladie
126,2024-01-01,1,Congé
126,2024-03-01,1,Congé
126,2024-04-01,1,Maladie
126,2024-05-01,1,Congé
126,2024-11-01,2,Congé
126,2024-12-01,1,Autre
126,2025-02-01,1,Congé
127,2023-09-01,1,Maladie
127,2023-11-01,2,Maladie
127,2024-01-01,1,Congé
127,2024-03-01,1,Congé
127,2024-05-01,3,Congé
127,2024-06-01,1,Maladie
127,2024-07-01,2,Congé
127,2024-11-01,3,Maladie
127,2025-05-01,2,Maladie
127,2025-07-01,2,Congé
128,2023-09-01,1,Maladie
128,2024-07-01,1,Congé
128,2024-10-01,1,Maladie
128,2024-11-01,1,Congé
128,2025-03-01,1,Congé
128,2025-06-01,2,Maladie
128,2025-07-01,4,Maladie
129,2024-07-01,2,Congé
129,2024-12-01,3,Congé
129,2025-03-01,3,Congé
130,2024-07-01,1,Congé
130,2024-09-01,1,Congé
130,2024-11-01,2,Maladie
130,2025-01-01,3,Congé
130,2025-04-01,1,Congé
130,2025-06-01,1,Maladie
130,2025-08-01,3,Congé
131,2024-12-01,1,Congé
131,2025-02-01,1,Congé
131,2025-08-01,1,Congé
132,2023-09-01,2,Maladie
132,2023-12-01,2,Congé
132,2024-05-01,2,Maladie
132,2024-11-01,1,Maladie
133,2024-03-01,1,Autre
133,2024-04-01,1,Congé
133,2024-05-01,1,Maladie
133,2024-06-01,1,Congé
133,2024-09-01,2,Congé
133,2025-05-01,1,Maladie
134,2023-09-01,1,Maladie
134,2024-04-01,2,Congé
134,2024-05-01,3,Autre
134,2024-08-01,1,Maladie
134,2024-12-01,1,Maladie
134,2025-02-01,1,Congé
134,2025-04-01,1,Maladie
134,2025-07-01,1,Maladie
135,2025-05-01,1,Maladie
135,2025-07-01,2,Congé
136,2025-01-01,3,Maladie
136,2025-04-01,2,Congé
136,2025-05-01,1,Maladie
136,2025-06-01,1,Congé
136,2025-07-01,2,Congé
137,2024-12-01,1,Congé
137,2025-01-01,1,Maladie
137,2025-02-01,1,Maladie
137,2025-07-01,1,Maladie
138,2023-10-01,4,Congé
138,2024-02-01,1,Congé
138,2024-05-01,1,Maladie
138,2024-10-01,2,Congé
138,2025-01-01,2,Maladie
138,2025-05-01,1,Congé
138,2025-06-01,1,Maladie
139,2023-09-01,1,Maladie
139,2023-11-01,1,Maladie
139,2023-12-01,1,Autre
139,2024-01-01,1,Maladie
139,2025-04-01,3,Congé
139,2025-07-01,2,Maladie
139,2025-08-01,1,Congé
140,2023-11-01,1,Maladie
140,2023-12-01,2,Congé
140,2024-01-01,2,Maladie
140,2024-02-01,1,Maladie
140,2024-03-01,3,Congé
140,2024-04-01,1,Congé
140,2024-05-01,1,Maladie
140,2024-08-01,1,Maladie
141,2025-06-01,1,Maladie
142,2023-10-01,1,Congé
142,2024-08-01,1,Maladie
142,2024-09-01,2,Congé
142,2025-07-01,1,Congé
142,2025-08-01,1,Maladie
143,2025-05-01,1,Congé
143,2025-07-01,1,Maladie
143,2025-08-01,1,Congé
144,2025-06-01,2,Congé
145,2023-09-01,4,Congé
145,2023-10-01,1,Congé
145,2023-12-01,2,Congé
145,2024-02-01,1,Congé
145,2024-03-01,1,Maladie
145,2024-11-01,2,Congé
146,2023-10-01,1,Maladie
146,2023-11-01,1,Maladie
146,2023-12-01,1,Maladie
146,2024-03-01,1,Maladie
146,2024-08-01,2,Congé
146,2025-01-01,1,Congé
146,2025-03-01,2,Congé
146,2025-06-01,2,Maladie
147,2023-12-01,1,Congé
147,2024-02-01,1,Maladie
147,2024-03-01,3,Maladie
147,2024-04-01,1,Maladie
147,2024-08-01,1,Maladie
147,2024-10-01,2,Autre
147,2024-11-01,1,Maladie
147,2025-01-01,1,Maladie
147,2025-02-01,1,Maladie
147,2025-08-01,1,Maladie
148,2023-10-01,1,Maladie
148,2024-01-01,1,Congé
148,2024-02-01,3,Maladie
148,2024-03-01,3,Autre
148,2024-07-01,1,Autre
148,2024-08-01,2,Congé
148,2024-09-01,1,Congé
148,2024-10-01,2,Maladie
148,2025-01-01,2,Congé
148,2025-04-01,1,Maladie
148,2025-05-01,2,Maladie
148,2025-06-01,2,Congé
148,2025-08-01,1,Maladie
149,2024-03-01,2,Congé
149,2024-06-01,2,Autre
149,2024-10-01,1,Congé
149,2024-11-01,1,Maladie
149,2025-01-01,1,Autre
149,2025-03-01,2,Maladie
149,2025-04-01,1,Congé
149,2025-05-01,1,Maladie
149,2025-06-01,4,Congé
149,2025-08-01,3,Congé
150,2023-10-01,2,Maladie
150,2023-12-01,1,Maladie
150,2024-07-01,1,Maladie
150,2024-11-01,2,Congé
151,2024-03-01,1,Maladie
151,2024-06-01,3,Congé
151,2024-08-01,1,Maladie
151,2024-10-01,2,Maladie
151,2024-12-01,2,Congé
151,2025-01-01,1,Maladie
151,2025-02-01,2,Maladie
151,2025-03-01,1,Congé
151,2025-08-01,1,Maladie
152,2023-10-01,1,Congé
152,2024-09-01,3,Congé
152,2025-01-01,3,Maladie
152,2025-03-01,1,Maladie
152,2025-05-01,1,Congé
153,2024-04-01,1,Congé
153,2025-06-01,1,Maladie
154,2024-08-01,1,Maladie
154,2024-09-01,1,Maladie
154,2024-10-01,2,Congé
154,2024-11-01,1,Autre
154,2024-12-01,1,Maladie
154,2025-08-01,1,Maladie
155,2023-09-01,5,Maladie
155,2023-11-01,3,Maladie
155,2023-12-01,1,Congé
155,2024-02-01,2,Maladie
155,2024-03-01,1,Maladie
155,2024-08-01,1,Congé
155,2024-09-01,2,Congé
155,2025-01-01,1,Congé
155,2025-04-01,3,Congé
156,2023-10-01,2,Congé
156,2023-11-01,1,Congé
156,2023-12-01,1,Congé
156,2024-01-01,2,Congé
156,2024-06-01,1,Maladie
156,2024-08-01,1,Maladie
156,2024-12-01,1,Maladie
156,2025-05-01,1,Maladie
157,2024-02-01,1,Maladie
157,2024-06-01,1,Maladie
157,2024-08-01,4,Maladie
157,2024-11-01,1,Maladie
157,2025-05-01,1,Congé
157,2025-06-01,1,Congé
157,2025-07-01,1,Congé
157,2025-08-01,3,Congé
158,2024-06-01,1,Congé
158,2024-07-01,2,Maladie
158,2024-09-01,1,Maladie
158,2024-10-01,4,Congé
158,2024-11-01,1,Congé
159,2024-05-01,1,Maladie
159,2024-06-01,3,Congé
159,2024-07-01,2,Maladie
159,2024-09-01,1,Congé
159,2025-01-01,1,Maladie
160,2025-08-01,1,Maladie
161,2023-12-01,3,Congé
161,2024-01-01,2,Maladie
161,2024-03-01,1,Congé
161,2024-05-01,1,Autre
161,2024-07-01,1,Maladie
161,2024-08-01,1,Maladie
161,2025-01-01,1,Maladie
161,2025-03-01,2,Congé
163,2023-09-01,1,Congé
163,2023-11-01,1,Congé
163,2024-02-01,1,Maladie
163,2024-11-01,1,Maladie
163,2025-02-01,1,Congé
163,2025-03-01,1,Maladie
163,2025-04-01,1,Autre
163,2025-06-01,1,Congé
164,2025-06-01,1,Maladie
164,2025-07-01,1,Maladie
165,2025-02-01,1,Maladie
165,2025-03-01,2,Congé
165,2025-04-01,1,Congé
165,2025-07-01,1,Maladie
166,2023-09-01,3,Maladie
167,2024-01-01,1,Congé
167,2024-02-01,1,Maladie
167,2024-03-01,1,Autre
167,2025-08-01,2,Maladie
168,2024-12-01,1,Congé
168,2025-02-01,3,Maladie
168,2025-05-01,1,Maladie
168,2025-08-01,1,Maladie
169,2024-01-01,1,Congé
169,2024-06-01,2,Congé
169,2024-07-01,1,Congé
169,2024-11-01,1,Maladie
169,2025-04-01,2,Maladie
169,2025-07-01,1,Congé
169,2025-08-01,2,Congé
170,2025-03-01,1,Congé
170,2025-07-01,1,Congé
170,2025-08-01,4,Maladie
171,2023-09-01,1,Congé
171,2023-11-01,1,Maladie
171,2024-01-01,1,Maladie
171,2024-04-01,1,Maladie
171,2024-07-01,1,Congé
171,2024-08-01,1,Maladie
171,2025-01-01,1,Congé
171,2025-05-01,1,Congé
171,2025-06-01,1,Congé
171,2025-08-01,3,Maladie
172,2023-09-01,1,Maladie
172,2023-10-01,1,Maladie
172,2024-01-01,1,Maladie
172,2024-02-01,2,Autre
172,2024-03-01,3,Maladie
172,2024-11-01,1,Congé
172,2024-12-01,2,Congé
172,2025-04-01,1,Maladie
172,2025-05-01,1,Congé
172,2025-06-01,2,Maladie
172,2025-07-01,1,Maladie
172,2025-08-01,2,Congé
173,2024-07-01,1,Congé
173,2025-01-01,1,Congé
174,2024-04-01,2,Maladie
174,2024-05-01,1,Maladie
174,2024-09-01,3,Congé
174,2024-11-01,1,Maladie
174,2025-01-01,2,Congé
174,2025-03-01,1,Maladie
174,2025-04-01,1,Congé
174,2025-06-01,1,Maladie
175,2023-11-01,1,Congé
175,2024-03-01,2,Maladie
175,2024-04-01,1,Maladie
175,2024-10-01,1,Congé
175,2025-02-01,4,Congé
175,2025-03-01,2,Congé
175,2025-05-01,1,Maladie
175,2025-07-01,1,Maladie
176,2024-10-01,1,Congé
176,2024-11-01,2,Maladie
176,2025-01-01,1,Congé
176,2025-03-01,1,Maladie
176,2025-07-01,1,Congé
176,2025-08-01,1,Maladie
177,2023-09-01,2,Maladie
177,2023-10-01,1,Congé
177,2024-01-01,1,Maladie
177,2024-04-01,1,Maladie
177,2024-06-01,4,Autre
177,2024-09-01,1,Maladie
177,2024-12-01,1,Maladie
177,2025-01-01,1,Congé
177,2025-03-01,1,Congé
177,2025-04-01,4,Congé
177,2025-06-01,1,Congé
177,2025-08-01,1,Maladie
178,2024-12-01,1,Congé
178,2025-03-01,2,Maladie
178,2025-04-01,2,Autre
178,2025-06-01,2,Congé
178,2025-08-01,1,Congé
179,2023-11-01,1,Maladie
179,2024-02-01,1,Maladie
179,2024-04-01,1,Maladie
179,2024-05-01,3,Maladie
179,2024-12-01,4,Maladie
179,2025-03-01,1,Congé
179,2025-06-01,3,Congé
179,2025-08-01,1,Maladie
180,2025-08-01,2,Congé
181,2024-04-01,2,Maladie
181,2024-05-01,2,Congé
181,2024-06-01,1,Congé
181,2024-07-01,1,Maladie
181,2024-08-01,1,Maladie
181,2024-11-01,1,Maladie
181,2025-04-01,1,Congé
181,2025-05-01,1,Maladie
181,2025-08-01,3,Maladie
182,2023-09-01,1,Maladie
182,2023-10-01,3,Maladie
182,2024-03-01,3,Congé
182,2024-04-01,2,Congé
182,2024-08-01,1,Congé
182,2024-09-01,1,Maladie
182,2024-11-01,1,Maladie
182,2025-04-01,1,Congé
182,2025-05-01,2,Maladie
182,2025-06-01,2,Congé
183,2025-06-01,1,Congé
183,2025-08-01,2,Congé
184,2023-09-01,1,Congé
184,2024-09-01,1,Congé
184,2024-11-01,1,Congé
184,2025-01-01,1,Maladie
184,2025-02-01,1,Maladie
184,2025-08-01,3,Maladie
185,2023-09-01,1,Congé
185,2024-01-01,1,Congé
185,2024-02-01,3,Maladie
185,2024-04-01,1,Congé
185,2024-07-01,2,Maladie
185,2025-06-01,2,Maladie
185,2025-07-01,1,Maladie
186,2023-10-01,3,Congé
186,2023-12-01,1,Maladie
186,2024-05-01,1,Congé
186,2024-09-01,1,Congé
186,2024-12-01,1,Congé
187,2025-08-01,1,Maladie
188,2023-11-01,1,Maladie
188,2024-01-01,1,Maladie
188,2024-04-01,1,Congé
188,2024-05-01,1,Congé
188,2024-09-01,1,Congé
188,2024-10-01,1,Maladie
188,2024-11-01,1,Maladie
188,2025-01-01,1,Congé
188,2025-02-01,1,Maladie
189,2023-12-01,1,Congé
189,2024-01-01,1,Maladie
189,2024-03-01,3,Autre
189,2025-01-01,2,Congé
189,2025-03-01,2,Maladie
189,2025-05-01,2,Maladie
190,2025-02-01,1,Congé
190,2025-04-01,5,Congé
190,2025-06-01,1,Congé
190,2025-08-01,1,Congé
191,2023-10-01,2,Congé
191,2024-03-01,2,Maladie
191,2024-05-01,1,Congé
191,2024-08-01,1,Congé
191,2025-01-01,1,Maladie
191,2025-02-01,1,Maladie
191,2025-08-01,2,Maladie
192,2023-10-01,1,Congé
192,2023-12-01,2,Congé
192,2024-01-01,1,Autre
192,2024-02-01,2,Congé
192,2024-07-01,1,Maladie
192,2024-08-01,2,Maladie
192,2024-10-01,1,Maladie
192,2025-04-01,1,Congé
192,2025-05-01,1,Maladie
192,2025-08-01,1,Congé
193,2023-09-01,1,Maladie
193,2023-11-01,1,Maladie
193,2024-01-01,1,Congé
193,2024-04-01,1,Maladie
193,2024-05-01,1,Maladie
193,2024-06-01,1,Congé
193,2024-08-01,1,Maladie
193,2024-10-01,1,Maladie
193,2024-12-01,1,Maladie
193,2025-02-01,2,Congé
193,2025-08-01,1,Maladie
194,2024-07-01,4,Congé
194,2024-09-01,1,Maladie
194,2024-10-01,2,Autre
194,2025-02-01,1,Congé
194,2025-04-01,1,Maladie
194,2025-08-01,1,Maladie
195,2025-06-01,2,Congé
196,2023-10-01,1,Maladie
196,2023-11-01,1,Autre
196,2023-12-01,3,Maladie
196,2024-07-01,3,Maladie
196,2024-08-01,1,Congé
196,2024-10-01,1,Congé
196,2025-04-01,1,Maladie
196,2025-07-01,1,Congé
197,2025-07-01,2,Congé
197,2025-08-01,1,Congé
198,2024-06-01,6,Congé
198,2024-08-01,1,Congé
198,2024-09-01,1,Congé
198,2024-11-01,1,Maladie
198,2024-12-01,2,Congé
198,2025-03-01,1,Congé
198,2025-05-01,2,Autre
198,2025-06-01,1,Maladie
198,2025-07-01,2,Maladie
198,2025-08-01,2,Congé
199,2023-09-01,1,Maladie
199,2023-10-01,1,Maladie
199,2023-12-01,1,Congé
199,2024-03-01,1,Congé
199,2024-04-01,1,Maladie
199,2024-08-01,2,Congé
199,2024-11-01,2,Maladie
199,2024-12-01,1,Maladie
199,2025-01-01,2,Maladie
199,2025-06-01,1,Congé
199,2025-07-01,1,Maladie
200,2024-09-01,1,Autre
200,2025-05-01,1,Maladie
200,2025-06-01,4,Maladie
201,2023-10-01,1,Congé
201,2023-11-01,5,Maladie
201,2023-12-01,1,Maladie
201,2024-04-01,1,Maladie
201,2024-06-01,2,Maladie
201,2024-08-01,6,Maladie
201,2025-02-01,1,Maladie
201,2025-03-01,2,Maladie
201,2025-05-01,2,Congé
201,2025-06-01,2,Congé
201,2025-07-01,1,Maladie
201,2025-08-01,1,Congé
202,2024-03-01,2,Maladie
202,2024-05-01,1,Maladie
202,2024-06-01,1,Maladie
202,2024-07-01,1,Congé
202,2024-08-01,1,Maladie
202,2024-12-01,2,Maladie
202,2025-01-01,1,Congé
202,2025-06-01,3,Maladie
203,2025-03-01,1,Maladie
203,2025-05-01,1,Maladie
203,2025-07-01,3,Maladie
203,2025-08-01,1,Congé
204,2024-01-01,1,Autre
204,2024-08-01,1,Maladie
204,2024-09-01,1,Congé
204,2024-12-01,1,Maladie
204,2025-01-01,1,Autre
204,2025-02-01,1,Congé
204,2025-03-01,1,Maladie
204,2025-08-01,1,Congé
205,2024-11-01,1,Congé
205,2025-02-01,2,Congé
205,2025-06-01,1,Congé
206,2024-04-01,1,Congé
206,2024-06-01,2,Congé
206,2024-10-01,2,Maladie
207,2023-09-01,1,Maladie
207,2024-02-01,1,Maladie
207,2024-11-01,1,Congé
207,2025-02-01,1,Maladie
208,2024-08-01,1,Congé
208,2024-09-01,1,Maladie
208,2024-10-01,1,Autre
208,2024-11-01,2,Maladie
208,2024-12-01,2,Maladie
208,2025-01-01,3,Maladie
208,2025-03-01,2,Maladie
209,2024-03-01,1,Maladie
209,2024-04-01,1,Congé
209,2024-07-01,1,Congé
209,2025-05-01,1,Congé
209,2025-06-01,1,Maladie
209,2025-07-01,1,Congé
209,2025-08-01,1,Maladie
211,2023-09-01,1,Congé
211,2023-10-01,1,Maladie
211,2024-02-01,2,Maladie
211,2024-07-01,3,Congé
211,2024-10-01,1,Maladie
211,2025-01-01,2,Maladie
211,2025-06-01,2,Autre
212,2023-10-01,2,Congé
212,2024-06-01,2,Maladie
212,2024-08-01,2,Congé
212,2024-09-01,3,Maladie
212,2024-11-01,1,Maladie
212,2024-12-01,1,Congé
212,2025-01-01,2,Congé
212,2025-04-01,1,Maladie
213,2024-08-01,2,Congé
213,2025-01-01,2,Maladie
213,2025-02-01,4,Maladie
214,2023-09-01,1,Congé
214,2024-01-01,1,Congé
214,2024-07-01,4,Maladie
214,2024-10-01,2,Congé
214,2025-01-01,1,Congé
214,2025-02-01,2,Maladie
214,2025-06-01,1,Congé
214,2025-07-01,1,Maladie
215,2023-09-01,2,Congé
215,2023-12-01,1,Congé
215,2024-01-01,4,Maladie
215,2024-04-01,3,Congé
215,2024-05-01,2,Maladie
215,2024-08-01,1,Congé
215,2025-03-01,1,Congé
215,2025-08-01,1,Maladie
216,2023-12-01,3,Maladie
216,2024-03-01,2,Maladie
216,2024-06-01,1,Maladie
216,2024-08-01,1,Maladie
216,2024-12-01,1,Maladie
216,2025-01-01,1,Congé
216,2025-03-01,1,Congé
216,2025-07-01,1,Maladie
216,2025-08-01,1,Congé
218,2024-06-01,1,Maladie
218,2025-07-01,1,Maladie
218,2025-08-01,1,Maladie
219,2025-04-01,2,Maladie
219,2025-08-01,2,Maladie
220,2024-05-01,2,Maladie
220,2024-08-01,1,Maladie
220,2024-12-01,1,Maladie
220,2025-03-01,2,Maladie
220,2025-08-01,1,Maladie
